N, 1, TSLA, 10, 100, B, 1
N, 1, TSLA, 12, 100, S, 2
N, 2, TSLA, 9, 100, B, 101
N, 2, TSLA, 11, 100, S, 102
N, 1, TSLA, 11, 100, B, 3
N, 2, TSLA, 10, 100, S, 103
N, 1, TSLA, 10, 100, B, 4
N, 2, TSLA, 11, 100, S, 104
F
N, 1, AAPL, 10, 100, B, 1
N, 1, AAPL, 12, 100, S, 2
N, 2, AAPL, 11, 100, S, 102
N, 2, AAPL, 10, 100, S, 103
N, 1, AAPL, 10, 100, B, 3
F
N, 1, GOOG, 10, 100, B, 1
N, 2, GOOG, 9, 100, B, 101
N, 2, GOOG, 11, 100, S, 102
N, 1, GOOG, 11, 100, B, 2
N, 2, GOOG, 11, 100, S, 103
F
N, 1, NVDA, 10, 100, B, 1
N, 1, NVDA, 12, 100, S, 2
N, 2, NVDA, 9, 100, B, 101
N, 2, NVDA, 11, 100, S, 102
N, 2, NVDA, 9, 100, S, 103
F
N, 1, SPCX, 10, 100, B, 1
N, 1, SPCX, 12, 100, S, 2
N, 2, SPCX, 9, 100, B, 101
N, 2, SPCX, 11, 100, S, 102
N, 1, SPCX, 12, 100, B, 103
F
Q
